




/*
    This file creates record insertion for all the tables created.
*/



-- Insert 200 records into the tblPatient table
insert into Patients values(1, 'Emma', 'Davis', '1985-03-12', 'Female', 'AB12 3CD'),
(2, 'Liam', 'Wilson', '1990-07-25', 'Male', 'XY34 5YZ'),
(3, 'Olivia', 'Thompson', '1978-11-18', 'Female', 'CD56 7FG'),
(4, 'Noah', 'White', '1982-09-30', 'Male', 'EF67 8HI'),
(5, 'Ava', 'Martinez', '1995-02-04', 'Female', 'GH78 9JK'),
(6, 'Lucas', 'Harris', '1989-06-10', 'Male', 'LM90 1OP'),
(7, 'Isabella', 'Clark', '1976-04-17', 'Female', 'QR23 4ST'),
(8, 'Mason', 'Lewis', '1987-12-22', 'Male', 'UV45 6WX'),
(9, 'Sophia', 'Lee', '1980-08-03', 'Female', 'YZ67 8AB'),
(10, 'Benjamin', 'Green', '1993-01-15', 'Male', 'CD89 0EF'),
(11, 'Amelia', 'Walker', '1983-05-29', 'Female', 'FG12 3GH'),
(12, 'Elijah', 'Robinson', '1991-10-07', 'Male', 'HI34 5IJ'),
(13, 'Mia', 'Hall', '1979-02-20', 'Female', 'JK56 7KL'),
(14, 'Oliver', 'Young', '1986-07-03', 'Male', 'MN78 9MN'),
(15, 'Charlotte', 'Scott', '1998-04-26', 'Female', 'OP90 1QR'),
(16, 'Jacob', 'Adams', '1984-09-09', 'Male', 'ST23 4UV'),
(17, 'Harper', 'Baker', '1994-11-12', 'Female', 'WX45 6YZ'),
(18, 'Michael', 'Mitchell', '1981-06-14', 'Male', 'YZ67 8AB'),
(19, 'Evelyn', 'Carter', '1977-03-27', 'Female', 'CD89 0EF'),
(20, 'Ethan', 'Perez', '1992-12-30', 'Male', 'FG12 3GH'),
(21, 'Abigail', 'Roberts', '1988-08-01', 'Female', 'HI34 5IJ'),
(22, 'Alexander', 'Turner', '1986-05-24', 'Male', 'JK56 7KL'),
(23, 'Elizabeth', 'Phillips', '1997-10-16', 'Female', 'MN78 9MN'),
(24, 'James', 'Campbell', '1983-01-19', 'Male', 'OP90 1QR'),
(25, 'Grace', 'Parker', '1980-04-02', 'Female', 'ST23 4UV'),
(26, 'Daniel', 'Evans', '1996-07-08', 'Male', 'WX45 6YZ'),
(27, 'Scarlett', 'Martinez', '1978-09-21', 'Female', 'YZ67 8AB'),
(28, 'Joseph', 'Sanchez', '1989-02-14', 'Male', 'CD89 0EF'),
(29, 'Madison', 'King', '1993-06-27', 'Female', 'FG12 3GH'),
(30, 'Gabriel', 'Rivera', '1985-11-30', 'Male', 'HI34 5IJ'),
(31, 'Penelope', 'Ward', '1981-02-03', 'Female', 'JK56 7KL'),
(32, 'Joshua', 'Flores', '1990-05-18', 'Male', 'MN78 9MN'),
(33, 'Victoria', 'Price', '1977-08-11', 'Female', 'OP90 1QR'),
(34, 'Julian', 'Hughes', '1998-01-24', 'Male', 'ST23 4UV'),
(35, 'Lillian', 'Long', '1984-04-06', 'Female', 'WX45 6YZ'),
(36, 'Ryan', 'Perry', '1991-07-09', 'Male', 'YZ67 8AB'),
(37, 'Natalie', 'Butler', '1982-10-22', 'Female', 'CD89 0EF'),
(38, 'Levi', 'Simmons', '1979-03-05', 'Male', 'FG12 3GH'),
(39, 'Hannah', 'Foster', '1995-06-28', 'Female', 'HI34 5IJ'),
(40, 'David', 'Gonzales', '1987-11-11', 'Male', 'JK56 7KL'),
(41, 'Zoe', 'Bryant', '1980-02-14', 'Female', 'MN78 9MN'),
(42, 'John', 'Alexander', '1994-05-17', 'Male', 'OP90 1QR'),
(43, 'Ariana', 'Watson', '1986-08-20', 'Female', 'ST23 4UV'),
(44, 'Wyatt', 'Reed', '1992-01-23', 'Male', 'WX45 6YZ'),
(45, 'Clara', 'Sanders', '1978-04-16', 'Female', 'YZ67 8AB'),
(46, 'Luke', 'Morales', '1983-07-19', 'Male', 'CD89 0EF'),
(47, 'Eleanor', 'Bennett', '1990-10-12', 'Female', 'FG12 3GH'),
(48, 'Isaac', 'Simmons', '1989-03-25', 'Male', 'HI34 5IJ'),
(49, 'Stella', 'Campbell', '1981-06-28', 'Female', 'JK56 7KL'),
(50, 'Nathaniel', 'Torres', '1996-09-30', 'Male', 'MN78 9MN'),
(51, 'Violet', 'Barnes', '1977-12-13', 'Female', 'OP90 1QR'),
(52, 'Christopher', 'Murphy', '1985-03-26', 'Male', 'ST23 4UV'),
(53, 'Hazel', 'Collins', '1993-06-09', 'Female', 'WX45 6YZ'),
(54, 'Jaxon', 'Richardson', '1984-09-02', 'Male', 'YZ67 8AB'),
(55, 'Ruby', 'Powell', '1998-12-05', 'Female', 'CD89 0EF'),
(56, 'Cooper', 'Jenkins', '1979-05-18', 'Male', 'FG12 3GH'),
(57, 'Aurora', 'Perry', '1991-08-21', 'Female', 'HI34 5IJ'),
(58, 'Samuel', 'Henderson', '1982-11-24', 'Male', 'JK56 7KL'),
(59, 'Maria', 'Hughes', '1990-02-07', 'Female', 'MN78 9MN'),
(60, 'Jordan', 'Diaz', '1987-07-10', 'Male', 'OP90 1QR'),
(61, 'Skylar', 'Myers', '1983-10-13', 'Female', 'ST23 4UV'),
(62, 'Thomas', 'Ford', '1995-01-16', 'Male', 'WX45 6YZ'),
(63, 'Paisley', 'Perry', '1978-04-19', 'Female', 'YZ67 8AB'),
(64, 'Evan', 'Richardson', '1986-07-22', 'Male', 'CD89 0EF'),
(65, 'Elena', 'Henderson', '1992-10-25', 'Female', 'FG12 3GH'),
(66, 'Xavier', 'Sullivan', '1980-01-28', 'Male', 'HI34 5IJ'),
(67, 'Sadie', 'Roberts', '1997-04-01', 'Female', 'JK56 7KL'),
(68, 'Ayden', 'Baker', '1984-05-04', 'Male', 'MN78 9MN'),
(69, 'Josephine', 'Turner', '1998-08-07', 'Female', 'OP90 1QR'),
(70, 'Jason', 'Carter', '1977-11-10', 'Male', 'ST23 4UV'),
(71, 'Khloe', 'Coleman', '1985-02-13', 'Female', 'WX45 6YZ'),
(72, 'Parker', 'Reed', '1994-05-16', 'Male', 'YZ67 8AB'),
(73, 'Leonardo', 'Hughes', '1981-08-19', 'Female', 'CD89 0EF'),
(74, 'Claire', 'Brooks', '1989-11-22', 'Male', 'FG12 3GH'),
(75, 'Annabelle', 'Flores', '1993-02-25', 'Female', 'HI34 5IJ'),
(76, 'Miles', 'Alexander', '1979-05-28', 'Male', 'JK56 7KL'),
(77, 'Eliana', 'Foster', '1987-10-01', 'Female', 'MN78 9MN'),
(78, 'Greyson', 'Cooper', '1996-01-04', 'Male', 'OP90 1QR'),
(79, 'Isla', 'Richardson', '1983-04-07', 'Female', 'ST23 4UV'),
(80, 'Mateo', 'Peterson', '1990-07-10', 'Male', 'WX45 6YZ'),
(81, 'Jasmine', 'Murphy', '1978-10-13', 'Female', 'YZ67 8AB'),
(82, 'Roman', 'Price', '1985-01-16', 'Male', 'CD89 0EF'),
(83, 'Jade', 'Campbell', '1991-04-19', 'Female', 'FG12 3GH'),
(84, 'Lincoln', 'Jenkins', '1989-07-22', 'Male', 'HI34 5IJ'),
(85, 'Delilah', 'Collins', '1977-10-25', 'Female', 'JK56 7KL'),
(86, 'Hudson', 'Ward', '1994-01-28', 'Male', 'MN78 9MN'),
(87, 'Kinsley', 'Sanders', '1986-04-01', 'Female', 'OP90 1QR'),
(88, 'Cole', 'Martinez', '1992-05-04', 'Male', 'ST23 4UV'),
(89, 'Adeline', 'Phillips', '1980-08-07', 'Female', 'WX45 6YZ'),
(90, 'Nathaniel', 'Perry', '1997-11-10', 'Male', 'YZ67 8AB'),
(91, 'Charlotte', 'Jones', '1984-07-19', 'Female', 'AB12 3CD'),
(92, 'William', 'Moore', '1991-09-02', 'Male', 'XY34 5YZ'),
(93, 'Amelia', 'Taylor', '1980-03-15', 'Female', 'CD56 7FG'),
(94, 'James', 'Brown', '1983-11-28', 'Male', 'EF67 8HI'),
(95, 'Sophie', 'Wilson', '1996-04-12', 'Female', 'GH78 9JK'),
(96, 'Alexander', 'Anderson', '1988-06-25', 'Male', 'LM90 1OP'),
(97, 'Grace', 'Thomas', '1977-10-08', 'Female', 'QR23 4ST'),
(98, 'Logan', 'Walker', '1992-12-03', 'Male', 'UV45 6WX'),
(99, 'Emily', 'Roberts', '1985-08-17', 'Female', 'YZ67 8AB'),
(100, 'Jacob', 'Clark', '1990-02-01', 'Male', 'CD89 0EF'),
 (101,'Sebastian', 'Graham', '1984-07-07', 'Male', 'SK2 7MM'),
    (102,'Lillian', 'Sullivan', '1992-04-20', 'Female', 'SW1 8NN'),
    (103,'Henry', 'Wallace', '1991-01-14', 'Male', 'SW3 9OO'),
    (104,'Zoe', 'Woods', '1985-03-03', 'Female', 'SE2 1PP'),
    (105,'Daniel', 'Cole', '1978-10-15', 'Male', 'N7 2QQ'),
    (106,'Layla', 'West', '1993-12-30', 'Female', 'W3 3RR'),
    (107,'David', 'Jordan', '1989-04-17', 'Male', 'SK2 4SS'),
    (108,'Riley', 'Owens', '1982-08-05', 'Female', 'SW1 5TT'),
    (109,'Luke', 'Reynolds', '1994-02-01', 'Male', 'SW3 6UU'),
    (110,'Violet', 'Fisher', '1987-09-21', 'Female', 'SE2 7VV'),
    (111,'Gabriel', 'Ellis', '1981-11-02', 'Male', 'N7 8WW'),
    (112,'Luna', 'Harrison', '1992-06-12', 'Female', 'W3 9XX'),
    (113,'John', 'Gibson', '1986-08-24', 'Male', 'SK2 1YY'),
    (114,'Madelyn', 'Mcdonald', '1983-05-31', 'Female', 'SW1 2ZZ'),
    (115,'Robert', 'Cruz', '1995-01-28', 'Male', 'SW3 3AA'),
    (116,'Samantha', 'Marshall', '1989-10-22', 'Female', 'SE2 4BB'),
    (117,'Joseph', 'Ortiz', '1984-09-06', 'Male', 'N7 5CC'),
    (118,'Mackenzie', 'Gomez', '1990-07-16', 'Female', 'W3 6DD'),
    (119,'Christopher', 'Murray', '1987-03-30', 'Male', 'SK2 7EE'),
    (120,'Hazel', 'Freeman', '1977-12-28', 'Female', 'SW1 8FF'),
    (121,'Charles', 'Wells', '1991-04-04', 'Male', 'SW3 9GG'),
    (122,'Evelyn', 'Webb', '1988-06-11', 'Female', 'SE2 1HH'),
    (123,'Lucas', 'Simpson', '1986-04-11', 'Male', 'N7 2II'),
    (124,'Ella', 'Martinez', '1994-03-29', 'Female', 'W3 3JJ'),
    (125,'David', 'Clark', '1973-09-15', 'Male', 'SK2 4KK'),
    (126,'Grace', 'Rodriguez', '1988-02-18', 'Female', 'SW1 5LL'),
    (127,'James', 'Lewis', '1991-08-23', 'Male', 'SW3 6MM'),
    (128,'Chloe', 'Lee', '1995-05-10', 'Female', 'SE2 7NN'),
    (129,'Benjamin', 'Walker', '1984-07-07', 'Male', 'N7 8OO'),
    (130,'Ava', 'Hall', '1976-12-12', 'Female', 'W3 9PP'),
    (131,'Alexander', 'Allen', '1989-01-05', 'Male', 'SK2 1QQ'),
    (132,'Mia', 'Young', '1993-11-03', 'Female', 'SK2 1YY'),
(133, 'Ashley', 'Garcia', '1989-09-28', 'Female', '45678'),
(134, 'Robert', 'Hernandez', '1994-01-07', 'Male', '56789'),
(135, 'Jennifer', 'Young', '1983-08-15', 'Female', '67890'),
(136, 'William', 'Walker', '1981-12-30', 'Male', '78901'),
(137, 'Stephanie', 'King', '1990-06-25', 'Female', '89012'),
(138, 'Brian', 'Scott', '1986-04-11', 'Male', '90123'),
(139, 'Michelle', 'Green', '1997-03-05', 'Female', '01234'),
(140, 'Kevin', 'Lewis', '1988-11-22', 'Male', '12345'),
(141, 'Melissa', 'Clark', '1982-07-18', 'Female', '23456'),
(142, 'Richard', 'Hall', '1992-09-09', 'Male', '34567'),
(143, 'Amy', 'Adams', '1979-05-24', 'Female', '45678'),
(144, 'Charles', 'Baker', '1984-02-08', 'Male', '56789'),
(145, 'Heather', 'Morris', '1995-10-03', 'Female', '67890'),
(146, 'Steven', 'Parker', '1987-01-16', 'Male', '78901'),
(147, 'Rebecca', 'Gonzalez', '1991-08-27', 'Female', '89012'),
(148, 'Timothy', 'Martinez', '1980-03-12', 'Male', '90123'),
(149, 'Laura', 'Young', '1983-11-07', 'Female', '01234'),
(150, 'Scott', 'Rodriguez', '1994-06-20', 'Male', '12345'),
(151, 'Kimberly', 'Lee', '1978-09-10', 'Female', '23456'),
(152, 'Jason', 'White', '1989-12-23', 'Male', '34567'),
(153, 'Angela', 'Harris', '1996-04-02', 'Female', '45678'),
(154, 'Paul', 'Garcia', '1981-07-14', 'Male', '56789'),
(155, 'Karen', 'Clark', '1990-02-18', 'Female', '67890'),
(156, 'Keith', 'Lewis', '1985-05-31', 'Male', '78901'),
(157, 'Christina', 'Wright', '1987-10-04', 'Female', '89012'),
(158, 'Joshua', 'King', '1993-08-08', 'Male', '90123'),
(159, 'Tiffany', 'Taylor', '1982-01-21', 'Female', '01234'),
(160, 'Patrick', 'Allen', '1984-09-19', 'Male', '12345'),
(161, 'Samantha', 'Walker', '1995-12-05', 'Female', '23456'),
(162, 'Brandon', 'Lopez', '1980-06-14', 'Male', '34567'),
(163, 'Nicole', 'Scott', '1989-03-28', 'Female', '45678'),
(164, 'Justin', 'Adams', '1977-04-03', 'Male', '56789'),
(165, 'Cassandra', 'Perez', '1992-11-26', 'Female', '67890'),
(166, 'Dennis', 'Morris', '1986-08-09', 'Male', '78901'),
(167, 'Vanessa', 'Jackson', '1991-02-13', 'Female', '89012'),
(168, 'Jonathan', 'Baker', '1983-07-02', 'Male', '90123'),
(169, 'Rachel', 'Gonzalez', '1988-10-17', 'Female', '01234'),
(170, 'Jeremy', 'Martinez', '1981-05-30', 'Male', '12345'),
(171, 'Megan', 'Young', '1990-09-23', 'Female', '23456'),
(172, 'Andrew', 'Lee', '1984-12-08', 'Male', '34567'),
(173, 'Erin', 'White', '1979-06-15', 'Female', '45678'),
(174, 'Gregory', 'Harris', '1996-03-21', 'Male', '56789'),
(175, 'Kelly', 'Garcia', '1982-02-04', 'Female', '67890'),
(176, 'Tyler', 'Clark', '1987-11-11', 'Male', '78901'),
(177, 'Alicia', 'Wright', '1993-08-16', 'Female', '89012'),
(178, 'Benjamin', 'King', '1980-01-29', 'Male', '90123'),
(179, 'Anna', 'Taylor', '1983-09-02', 'Female', '01234'),
(180, 'Douglas', 'Allen', '1994-10-25', 'Male', '12345'),
(181, 'Christine', 'Walker', '1978-03-19', 'Female', '23456'),
(182, 'Ethan', 'Lopez', '1989-06-22', 'Male', '34567'),
(183, 'Julia', 'Scott', '1992-04-05', 'Female', '45678'),
(184, 'Keith', 'Adams', '1981-07-18', 'Male', '56789'),
(185, 'Hannah', 'Perez', '1990-12-21', 'Female', '67890'),
(186, 'Trevor', 'Morris', '1986-09-04', 'Male', '78901'),
(187, 'Sara', 'Jackson', '1991-03-13', 'Female', '89012'),
(188, 'Philip', 'Baker', '1983-08-02', 'Male', '90123'),
(189, 'Vanessa', 'Gonzalez', '1988-11-17', 'Female', '01234'),
(190, 'Walter', 'Martinez', '1981-06-30', 'Male', '12345'),
(191, 'Monica', 'Young', '1990-10-23', 'Female', '23456'),
(192, 'Samuel', 'Lee', '1984-12-08', 'Male', '34567'),
(193, 'Marie', 'White', '1979-06-15', 'Female', '45678'),
(194, 'Victor', 'Harris', '1996-03-21', 'Male', '56789'),
(195, 'Lisa', 'Garcia', '1982-02-04', 'Female', '67890'),
(196, 'Frank', 'Clark', '1987-11-11', 'Male', '78901'),
(197, 'Catherine', 'Wright', '1993-08-16', 'Female', '89012'),
(198, 'Peter', 'King', '1980-01-29', 'Male', '90123'),
(199, 'Olivia', 'Taylor', '1983-09-02', 'Female', '01234'),
(200, 'Henry', 'Allen', '1994-10-25', 'Male', '12345');

-------------------------Patient End Here---------------------------------------------






-- Insert 12 records into the MethodOfAdmission table
 insert into MethodOfAdmission values
    ('ELEC', 'Elective'),
    ('EMER', 'Emergency'),
    ('IP', 'Inpatient'),
    ('OP', 'Outpatient'),
    ('SURG', 'Surgical'),
    ('MAT', 'Maternity'),
    ('PED', 'Pediatric'),
    ('PSY', 'Psychiatric'),
    ('REHAB', 'Rehabilitation'),
    ('GP', 'General Practioner'),
    ('OBS', 'Observation'),
    ('NELE', 'NonElective'); 
	
-------------------------MethodOfAdmission End Here--------------------------------------------	
	
	
	
	
	
	
	;-- Insert 25 records into the Specialty table
INSERT INTO Specialty VALUES
('CAR', 'Cardiology', 'Dr. Smith', 'Heart disease treatment'),
('ORTH', 'Orthopedics', 'Dr. Johnson', 'Bone and joint disorders'),
('NEU', 'Neurology', 'Dr. Williams', 'Nervous system disorders'),
('ONC', 'Oncology', 'Dr. Brown', 'Cancer treatment'),
('PED', 'Pediatrics', 'Dr. Miller', 'Medical care for children'),
('DERM', 'Dermatology', 'Dr. Wilson', 'Skin disorders treatment'),
('GAST', 'Gastroenterology', 'Dr. Moore', 'Digestive system disorders'),
('ENDO', 'Endocrinology', 'Dr. Taylor', 'Endocrine disorders treatment'),
('URO', 'Urology', 'Dr. Anderson', 'Urinary system disorders'),
('OPHT', 'Ophthalmology', 'Dr. Thomas', 'Eye disorders treatment'),
('PSYC', 'Psychiatry', 'Dr. Martinez', 'Mental health treatment'),
('PULM', 'Pulmonology', 'Dr. Garcia', 'Respiratory disorders treatment'),
('RHEU', 'Rheumatology', 'Dr. Rodriguez', 'Autoimmune disorders treatment'),
('HEAM', 'Hematology', 'Dr. Hernandez', 'Blood disorders treatment'),
('NEPH', 'Nephrology', 'Dr. Gonzalez', 'Kidney disorders treatment'),
('INF', 'Infectious Diseases', 'Dr. Perez', 'Infectious diseases treatment'),
('IMMUN', 'Allergy and Immunology', 'Dr. Flores', 'Allergy and immune system disorders'),
('ALL', 'Physical Medicine and Rehabilitation', 'Dr. Sanchez', 'Rehabilitation treatment'),
('GER', 'Geriatrics', 'Dr. Ramirez', 'Care for elderly patients'),
('ANES', 'Anesthesiology', 'Dr. Torres', 'Anesthesia and pain management'),
('EMERG', 'Emergency Medicine', 'Dr. Ortiz', 'Emergency medical care'),
('FAM', 'Family Medicine', 'Dr. Cruz', 'Comprehensive primary care'),
('INM', 'Internal Medicine', 'Dr. Reyes', 'Internal diseases treatment'),
('RAD', 'Radiology', 'Dr. Vega', 'Diagnostic imaging and radiation therapy'),
('PATH', 'Pathology', 'Dr. Morales', 'Disease diagnosis and laboratory testing'),
('GYN','Gyneacology', 'Dr. Wales','childbirth/delivery'),
('ENT','Ear,Nose and Throat','Dr.Rice',' Ear,nose and throat disorder');

-------------------------Specialty End Here---------------------------------------------

-- Insert 50 records into the Wards table
insert into Wards values
    ('W001', 'North Wing', 'General'),
    ('W002', 'South Wing', 'Surgical'),
    ('W003', 'East Wing', 'Pediatric'),
    ('W004', 'West Wing', 'Maternity'),
    ('W005', 'A1', 'ICU'),
    ('W006', 'B2', 'Cardiology'),
    ('W007', 'C3', 'Neurology'),
    ('W008', 'D4', 'Orthopedics'),
    ('W009', 'E5', 'Oncology'),
    ('W010', 'F6', 'Rehabilitation'),
    ('W011', 'G7', 'Endoscopy Suite'),
    ('W012', 'H8', 'Pulmonology'),
    ('W013', 'I9', 'Endoscopy Suite'),
    ('W014', 'J10', 'Dermatology'),
    ('W015', 'K11', 'Infectious Diseases'),
    ('W016', 'L12', 'Rheumatology'),
    ('W017', 'M13', 'Urology'),
    ('W018', 'N14', 'Ophthalmology'),
    ('W019', 'O15', 'Ear, Nose, and Throat'),
    ('W020', 'P16', 'Hematology'),
    ('W021', 'Q17', 'Allergy and Immunology'),
    ('W022', 'R18', 'Anesthesiology'),
    ('W023', 'S19', 'Radiology'),
    ('W024', 'T20', 'Pathology'),
    ('W025', 'U21', 'Day Surgery'),
    ('W026', 'V22', 'Observation'),
    ('W027', 'W23', 'Long-term Care'),
    ('W028', 'X24', 'Maternity'),
    ('W029', 'Y25', 'Psychiatric'),
    ('W030', 'Z26', 'Surgical'),
    ('W031', 'AA27', 'General'),
    ('W032', 'BB28', 'Pediatric'),
    ('W033', 'CC29', 'Maternity'),
    ('W034', 'DD30', 'ICU'),
    ('W035', 'EE31', 'Cardiology'),
    ('W036', 'FF32', 'Neurology'),
    ('W037', 'GG33', 'Orthopedics'),
    ('W038', 'HH34', 'Oncology'),
    ('W039', 'II35', 'Rehabilitation'),
    ('W040', 'JJ36', 'Endoscopy Suite'),
    ('W041', 'KK37', 'Pulmonology'),
    ('W042', 'LL38', 'Endoscopy Suite'),
    ('W043', 'MM39', 'Dermatology'),
    ('W044', 'NN40', 'Infectious Diseases'),
    ('W045', 'OO41', 'Rheumatology'),
    ('W046', 'PP42', 'Urology'),
    ('W047', 'QQ43', 'Ophthalmology'),
    ('W048', 'RR44', 'Ear, Nose, and Throat'),
    ('W049', 'SS45', 'Hematology'),
    ('W050', 'TT46', 'Allergy and Immunology');
-------------------------Ward End Here---------------------------------------------

	

-- Insert 25 records into the GP table
insert into GP values
(01, 'Dr. Smith', 'GP001'),
(02, 'Dr. Johnson', 'GP002'),
(03, 'Dr. Williams','GP003'),
(04, 'Dr. Brown','GP004'),
(05, 'Dr. Miller','GP005'),
(06,  'Dr. Wilson', 'GP006'),
(07,  'Dr. Moore', 'GP007'),
(08,  'Dr. Taylor', 'GP008'),
(09, 'Dr. Anderson', 'GP009'),
(10, 'Dr. Thomas', 'GP010'),
(11,  'Dr. Martinez','GP011'), 
(12,  'Dr. Garcia', 'GP012'),
(13,  'Dr. Rodriguez', 'GP013'),
(14,  'Dr. Hernandez','GP014'),
(15,  'Dr. Gonzalez','GP015'),
(16,  'Dr. Perez','GP016'),
(17, 'Dr. Flores','GP017'),
(18, 'Dr. Sanchez','GP018'),
(19,  'Dr. Ramirez','GP019'),
(20, 'Dr. Torres','GP020'),
(21,  'Dr. Ortiz','GP021'),
(22, 'Dr. Cruz', 'GP022'),
(23, 'Dr. Reyes','GP023'),
(24, 'Dr. Vega', 'GP024'),
(25, 'Dr. Morales','GP025');
-------------------------GP End Here---------------------------------------------



-- Insert 25 records into the Practice table
	insert into Practice values
    ('GP001', 'HealthFirst Clinic', 'AB12 3CD'),
    ('GP002', 'Wellness Medical Center', 'BC23 4DE'),
    ('GP003', 'CityCare GP Practice', 'CD34 5EF'),
    ('GP004', 'Greenfield Health', 'DE45 6FG'),
    ('GP005', 'Pinewood Medical', 'EF56 7GH'),
    ('GP006', 'Riverdale Clinic', 'FG67 8HI'),
    ('GP007', 'UrbanCare Practice', 'GH78 9IJ'),
    ('GP008', 'BrightHealth Center', 'HI89 0JK'),
    ('GP009', 'Central GP Clinic', 'IJ90 1KL'),
    ('GP010', 'Northview Medical', 'JK01 2LM'),
    ('GP011', 'Southside Health', 'KL12 3NO'),
    ('GP012', 'Westfield Practice', 'LM23 4OP'),
    ('GP013', 'Eastwood Medical Center', 'MN34 5PQ'),
    ('GP014', 'Village Health Clinic', 'NO45 6QR'),
    ('GP015', 'Main Street GP', 'OP56 7RS'),
    ('GP016', 'Sunrise Clinic', 'PQ67 8ST'),
    ('GP017', 'HealthPlus Practice', 'QR78 9TU'),
    ('GP018', 'FamilyCare Medical', 'RS89 0UV'),
    ('GP019', 'Oakwood GP Practice', 'ST90 1WX'),
    ('GP020', 'Harmony Health Center', 'TU01 2XY'),
('GP021', 'Riverdale Health Centre', 'EF34 5GH'),
('GP022', 'Hilltop Surgery', 'IJ56 7KL'),
('GP023', 'Sunset Medical Practice', 'MN78 9OP'),
('GP024', 'Valley View Clinic', 'QR90 1ST'),
('GP025', 'Maple Grove Surgery', 'UV23 4WX');
-------------------------Practice End Here---------------------------------------------

-- Insert 50 records into the Diagnosiss table
INSERT INTO Diagnosiss VALUES
    ('I10', 'Essential (primary) hypertension'),
    ('E11', 'Type 2 diabetes mellitus'),
    ('J45', 'Asthma'),
    ('I25', 'Chronic ischemic heart disease'),
    ('M54', 'Dorsalgia'),
    ('E66', 'Obesity'),
    ('F41', 'Other anxiety disorders'),
    ('J06', 'Acute upper respiratory infections'),
    ('I50', 'Heart failure'),
    ('N18', 'Chronic kidney disease'),
    ('M81', 'Osteoporosis without current pathological fracture'),
    ('K21', 'Gastro-esophageal reflux disease'),
    ('J44', 'Chronic obstructive pulmonary disease'),
    ('F32', 'Major depressive disorder, single episode'),
    ('L20', 'Atopic dermatitis'),
    ('I63', 'Cerebral infarction'),
    ('E78', 'Disorders of lipoprotein metabolism and other lipidemias'),
    ('M17', 'Osteoarthritis of knee'),
    ('G47', 'Sleep disorders'),
    ('K52', 'Other and unspecified noninfective gastroenteritis and colitis'),
    ('N39', 'Other disorders of urinary system'),
    ('J18', 'Pneumonia, organism unspecified'),
    ('F33', 'Major depressive disorder, recurrent'),
    ('G43', 'Migraine'),
    ('M79', 'Other and unspecified soft tissue disorders'),
    ('R51', 'Headache'),
    ('K04', 'Diseases of pulp and periapical tissues'),
    ('B34', 'Viral infection of unspecified site'),
    ('H52', 'Disorders of refraction and accommodation'),
    ('M25', 'Other joint disorder, not elsewhere classified'),
    ('R10', 'Abdominal and pelvic pain'),
    ('L30', 'Other and unspecified dermatitis'),
    ('I48', 'Atrial fibrillation and flutter'),
    ('N40', 'Benign prostatic hyperplasia'),
    ('J30', 'Vasomotor and allergic rhinitis'),
    ('E03', 'Other hypothyroidism'),
    ('M16', 'Osteoarthritis of hip'),
    ('K29', 'Gastritis and duodenitis'),
    ('F20', 'Schizophrenia'),
    ('I21', 'Acute myocardial infarction'),
    ('L40', 'Psoriasis'),
    ('J35', 'Chronic diseases of tonsils and adenoids'),
    ('N20', 'Calculus of kidney and ureter'),
    ('K59', 'Other functional intestinal disorders'),
    ('G40', 'Epilepsy and recurrent seizures'),
    ('M51', 'Thoracic, thoracolumbar, and lumbosacral intervertebral disc disorders'),
    ('E55', 'Vitamin D deficiency'),
    ('I73', 'Other peripheral vascular diseases'),
    ('N95', 'Menopausal and other perimenopausal disorders'),
    ('E27', 'Other disorders of adrenal gland'),
	('G45', 'Cataract');
-------------------------Diagnosis End Here---------------------------------------------

-- Insert 413 records into PatientDiagnosis table
	insert into Patient_diagnosis_ values
    ('I10', 1),
    ('I10', 2),
    ('I10', 3),
    ('I10', 4),
    ('I10', 5),
    ('I10', 6),
    ('I10', 7),
    ('I10', 8),
    ('I10', 9),
    ('I10', 10),
    ('I10', 11),
    ('I10', 12),
    ('I10', 13),
    ('I10', 14),
    ('I10', 15),
    ('I10', 16),
    ('I10', 17),
    ('I10', 18),
    ('I10', 19),
    ('E11', 20),
    ('E11', 21),
    ('E11', 22),
    ('E11', 23),
    ('E11', 24),
    ('E11', 25),
    ('E11', 26),
    ('E11', 27),
    ('E11', 28),
    ('E11', 29),
    ('E11', 30),
    ('E11', 31),
    ('E11', 32),
    ('E11', 33),
    ('J45', 34),
    ('J45', 35),
    ('J45', 36),
    ('J45', 37),
    ('J45', 38),
    ('J45', 39),
    ('J45', 40),
    ('J45', 41),
    ('J45', 42),
    ('J45', 43),
    ('J45', 44),
    ('J45',  45),
    ('J45', 46),
    ('J45', 47),
    ('J45', 48),
    ('I25', 49),
    ('I25', 50),
    ('I25', 51),
    ('I25', 52),
    ('I25', 53),
    ('I25', 54),
    ('I25', 55),
    ('I25', 56),
    ('I25', 57),
    ('M54', 58),
    ('M54', 59),
    ('M54', 60),
    ('M54', 61),
    ('M54', 62),
    ('M54', 63),
    ('E66', 64),
    ('E66', 65),
    ('E66', 66),
    ('E66', 67),
    ('E66', 68),
    ('E66', 69),
    ('E66', 70),
    ('E66', 71),
    ('E66', 72),
    ('E66', 73),
    ('E66', 74),
    ('E66', 75),
    ('E66', 76),
    ('E66', 77),
    ('E66', 78),
    ('E66', 79),
    ('F41', 80),
    ('J06', 81),
    ('J06', 82),
    ('J06', 83),
    ('J06', 84),
    ('J06', 85),
    ('J06', 86),
    ('J06', 87),
    ('J06', 88),
    ('I50', 89),
    ('I50', 90),
    ('I50', 91),
    ('I50', 92),
    ('I50', 93),
    ('I50', 94),
    ('I50', 95),
    ('I50', 96),
    ('I50', 97),
    ('I50', 98),
    ('I50', 99),
    ('N18', 100),
    ('N18', 101),
    ('N18', 102),
    ('N18', 103),
    ('N18', 104),
    ('N18', 105),
    ('N18', 106),
    ('N18', 107),
    ('N18', 108),
    ('N18', 109),
    ('L20', 110),
    ('L20', 111),
    ('L20', 112),
    ('L20', 113),
    ('L20', 114),
    ('L20', 115),
    ('L20', 116),
    ('L20', 117),
    ('L20', 118),
    ('L20', 119),
    ('G47', 120),
    ('G47', 121),
    ('G47', 122),
    ('G47', 123),
    ('G47', 124),
    ('G47', 125),
    ('G47', 126),
    ('G47', 127),
    ('G47', 128),
    ('G47', 129),
    ('G47', 130),
    ('G47', 131),
    ('G47', 132),
    ('G47', 133),
    ('G47', 134),
    ('G47', 135),
    ('G47', 136),
    ('G47', 137),
    ('G47', 138),
    ('G47', 139),
    ('G47', 140),
    ('G47', 141),
    ('G47', 142),
    ('G47', 143),
    ('G47', 144),
    ('G47', 145),
    ('G47', 146),
    ('G47', 147),
    ('G47', 148),
    ('G47', 149),
    ('G47', 150),
    ('G47', 151),
    ('G47', 152),
    ('G47', 153),
    ('G47', 154),
    ('G47', 155),
    ('G47', 156),
    ('G47', 157),
    ('G47', 158),
    ('G47', 159),
    ('G47', 160),
    ('G47', 161),
    ('G47', 162),
    ('G47', 163),
    ('G47', 164),
    ('G47', 165),
    ('G47', 166),
    ('G47', 167),
    ('G47', 168),
    ('G47', 169),
    ('G47', 170),
    ('G47', 171),
    ('G47', 172),
    ('G47', 173),
    ('G47', 174),
    ('G47', 175),
    ('G47', 176),
    ('G47', 177),
    ('G47', 178),
    ('G47', 179),
    ('G47', 180),
    ('G47', 181),
    ('G47', 182),
    ('G47', 183),
    ('G47', 184),
    ('G47', 185),
    ('G47', 186),
    ('G47', 187),
    ('G47', 188),
    ('G47', 189),
    ('G47', 190),
    ('G47', 191),
    ('G47', 192),
    ('G47', 193),
    ('G47', 194),
    ('G47', 195),
    ('G47', 196),
    ('G47', 197),
    ('G47', 198),
    ('G47', 199),
    ('R51', 200),
    ('R51', 201),
    ('R51', 202),
    ('R51', 203),
    ('R51', 204),
    ('R51', 205),
    ('R51', 206),
    ('R51', 207),
    ('R51', 208),
    ('R51', 209),
    ('E55', 210),
    ('E55', 211),
    ('E55', 212),
    ('E55', 213),
    ('E55', 214),
    ('E55', 215),
    ('E55', 216),
    ('E55', 217),
    ('E55', 218),
    ('E55', 219),
    ('E55', 220),
    ('E55', 221),
    ('E55', 222),
    ('E55', 223),
    ('E55', 224),
    ('E55', 225),
    ('E55', 226),
    ('E55', 227),
    ('E55', 228),
    ('E55', 229),
    ('E55', 230),
    ('E55', 231),
    ('E55', 232),
    ('E55', 233),
    ('E55', 234),
    ('E55', 235),
    ('E55', 236),
    ('E55', 237),
    ('E55', 238),
    ('E55', 239),
    ('E55', 240),
    ('E55', 141),
    ('E55', 142),
    ('E55', 143),
    ('E55', 144),
    ('E55', 145),
    ('E55', 146),
    ('E55', 147),
    ('E55', 148),
    ('E55', 149),
    ('E55', 150),
    ('E55', 151),
    ('E55', 152),
    ('E55', 153),
    ('E55', 154),
    ('E55', 155),
    ('E55', 156),
    ('E55', 157),
    ('E55', 158),
    ('E55', 159),
    ('E55', 160),
    ('E55', 61),
    ('E55', 62),
    ('E55', 63),
    ('E55', 64),
    ('E55', 65),
    ('E55', 66),
    ('E55', 67),
    ('E55', 68),
    ('E55', 69),
    ('E55', 70),
    ('E55', 71),
    ('E55', 72),
    ('E55', 73),
    ('E55', 74),
    ('E55', 75),
    ('E55', 76),
    ('E55', 77),
    ('E55', 78),
    ('E55', 79),
    ('E55', 80),
    ('E55', 81),
    ('E55', 82),
    ('E55', 83),
    ('E55', 84),
    ('E55', 85),
    ('E55', 86),
    ('E55', 87),
    ('E55', 88),
    ('E55', 89),
    ('E55', 90),
    ('E55', 91),
    ('E55', 92),
    ('E55', 93),
    ('E55', 94),
    ('E55', 95),
    ('E55', 96),
    ('E55', 97),
    ('E55', 98),
    ('E55', 99),
    ('G40', 10),
    ('G40', 1),
    ('G40', 2),
    ('G40', 3),
    ('G40', 4),
    ('G40', 5),
    ('G40', 6),
    ('G40', 7),
    ('G40', 8),
    ('G40', 9),
    ('R10', 100),
    ('R10', 11),
    ('R10', 212),
    ('R10', 213),
    ('R10', 214),
    ('R10', 215),
    ('R10', 216),
    ('R10', 217),
    ('R10', 218),
    ('R10', 219),
    ('J30', 220),
    ('J30', 221),
    ('J30', 222),
    ('J30', 223),
    ('J30', 224),
    ('J30', 225),
    ('J30', 226),
    ('J30', 227),
    ('J30', 228),
    ('J30', 229),
    ('F20', 230),
    ('F20', 231),
    ('F20', 232),
    ('F20', 233),
    ('F20', 234),
    ('F20', 235),
    ('F20', 236),
    ('F20', 237),
    ('F20', 238),
    ('F20', 239),
    ('R51', 240),
    ('R51', 41),
    ('R51', 42),
    ('R51', 43),
    ('R51', 44),
    ('R51', 45),
    ('R51', 46),
    ('R51', 47),
    ('R51', 48),
    ('R51', 49),
    ('R51', 50),
    ('R51', 51),
    ('R51', 52),
    ('R51', 53),
    ('R51', 54),
    ('R51', 55),
    ('R51', 56),
    ('R51', 57),
    ('R51', 58),
    ('R51', 59),
    ('R51', 60),
    ('R51', 61),
    ('R51', 62),
    ('R51', 63),
    ('R51', 64),
    ('R51', 65),
    ('R51', 66),
    ('R51', 67),
    ('R51', 68),
    ('R51', 69),
    ('R51', 70),
    ('R51', 71),
    ('R51', 72),
    ('R51', 73),
    ('R51', 74),
    ('R51', 75),
    ('R51', 176),
    ('R51', 177),
    ('R51', 178),
    ('R51', 179),
    ('R51', 180),
    ('R51', 181),
    ('R51', 182),
    ('R51', 183),
    ('R51', 184),
    ('R51', 185),
    ('R51', 186),
    ('R51', 187),
    ('R51', 188),
    ('R51', 189),
    ('R51', 190),
    ('R51', 191),
    ('R51', 192),
    ('R51', 193),
    ('R51', 194),
    ('R51', 195),
    ('R51', 196),
    ('R51', 197),
    ('R51', 198),
    ('B34', 199),
    ('J18', 100),
    ('J18', 101),
    ('J18', 102),
    ('J18', 103),
    ('J18', 104),
    ('I63', 105),
    ('G43', 106),
    ('M17', 107),
    ('G43', 108),
    ('G43', 109),
    ('M17', 110),
    ('I63', 111),
    ('F33', 112),
    ('M17', 113);
-------------------------Patient Diagnosis End Here---------------------------------------------




-- Insert 240 records into the Admission table

INSERT INTO Admission VALUES
    (1,'G47',1, 7,'2014-01-05', '2014-01-12', 'ONC', 'W001', 'EMER', 'GP001'),
    (2,'G47',2,9, '2014-01-10', '2014-01-19', 'NEU', 'W002', 'ELEC', 'GP006'),
    (3,'G47',3,16, '2014-01-15', '2014-01-31', 'CAR', 'W003', 'EMER', 'GP001'),
    ( 4,'G47',4,6 ,'2014-01-20', '2014-01-26', 'GYN', 'W004', 'ELEC', 'GP012'),
    (5,'G47',5, 1,'2014-01-25', '2014-01-26', 'ORTH', 'W005', 'EMER', 'GP008'),
    (6,'G47',6,8, '2014-02-01', '2014-02-09', 'DERM', 'W006', 'ELEC', 'GP012'),
    (7,'G47',7,12, '2014-02-07', '2014-02-19', 'ENT', 'W007', 'EMER', 'GP001'),
    (8,'G47',8,4, '2014-02-13', '2014-02-17', 'URO', 'W008', 'ELEC', 'GP012'),
    (9, 'G47',9,9,'2014-02-19', '2014-02-28', 'ONC', 'W009', 'EMER', 'GP001'),
    (10,'G47',10,30, '2014-02-25', '2014-03-22', 'NEU', 'W010', 'ELEC', 'GP012'),
    (11, 'G47',11,25, '2014-03-03', '2014-03-28', 'CAR', 'W011', 'GP', 'GP004'),
    (12,'G47',12,15, '2014-03-09', '2014-03-24', 'GYN', 'W012', 'ELEC', 'GP012'),
    (13,'G47',13,7, '2014-03-15', '2014-03-22', 'ORTH', 'W013', 'GP', 'GP009'),
    (14,'G47',14,7, '2014-03-21', '2014-03-27', 'DERM', 'W014', 'ELEC', 'GP012'),
    (15,'G47',15,7, '2014-03-27', '2014-04-09', 'ENT', 'W015', 'GP', 'GP004'),
    (16,'G47',16,7, '2014-04-02', '2014-04-09', 'URO', 'W016', 'ELEC', 'GP012'),
    (17,'G47',17,10,'2014-04-08', '2014-04-18', 'ONC', 'W017', 'GP', 'GP004'),
    (18,'G47',18,4, '2014-04-14', '2014-04-18', 'NEU', 'W018', 'ELEC', 'GP012'),
    (19,'G47',19,8, '2014-04-20', '2014-04-28', 'CAR', 'W019', 'GP', 'GP004'),
    (20,'E11',20,12, '2014-04-26', '2014-05-08', 'GYN', 'W020', 'ELEC', 'GP012'),
    (21,'E11',21, 6,'2014-05-02', '2014-05-08', 'ORTH', 'W021', 'GP', 'GP004'),
    (22,'E11',22,7, '2014-05-08', '2014-05-15', 'DERM', 'W022', 'ELEC', 'GP012'),
    (23,'E11',23,9,'2014-05-14', '2014-05-23', 'ENT', 'W023', 'GP', 'GP004'),
    (24,'E11',24,6, '2014-05-20', '2014-05-26', 'URO', 'W024', 'ELEC', 'GP012'),
    (25,'E11',25, 5,'2014-05-26', '2014-05-31', 'ONC', 'W025', 'GP', 'GP004'),
    (26, 'E11',26,8,'2014-06-01', '2014-06-09', 'NEU', 'W026', 'ELEC', 'GP012'),
    (27,'E11',27,9, '2014-06-07', '2014-06-16', 'CAR', 'W027', 'EMER', 'GP001'),
    (28,'E11',27,6, '2014-06-13', '2014-06-19', 'GYN', 'W028', 'ELEC', 'GP012'),
    (29,'E11',28,8, '2014-06-19', '2014-06-27', 'ORTH', 'W029', 'EMER', 'GP015'),
    (30,'E11',29,5, '2014-06-25', '2014-06-30', 'DERM', 'W030', 'ELEC', 'GP012'),
    (31,'E11',31,26, '2014-07-01', '2014-07-27', 'ENT', 'W031', 'EMER', 'GP001'),
    (32,'E11',32,9, '2014-07-07', '2014-07-16', 'URO', 'W032', 'ELEC', 'GP012'),
    (33,'E11',33,6, '2014-07-13', '2014-07-19', 'ONC', 'W033', 'EMER', 'GP001'),
    (34,'J45',34,4, '2014-07-19', '2014-07-23', 'NEU', 'W034', 'ELEC', 'GP012'),
    (35,'J45',35,6, '2014-07-25', '2014-07-31', 'CAR', 'W035', 'EMER', 'GP001'),
    (36,'J45',36,7, '2014-08-01', '2014-08-08', 'GYN', 'W036', 'ELEC', 'GP012'),
    (37,'J45',37,7, '2014-08-07', '2014-08-14', 'ORTH', 'W037', 'EMER', 'GP001'),
    (38,'J45',38,7, '2014-08-13', '2014-08-16', 'DERM', 'W038', 'ELEC', 'GP012'),
    (39,'J45',39,1, '2014-08-19', '2014-08-20', 'ENT', 'W039', 'EMER', 'GP001'),
    (40,'J45',40,6, '2014-08-25', '2014-08-31', 'URO', 'W040', 'ELEC', 'GP012'),
    (41,'J45',41,14, '2014-09-01', '2014-09-15', 'ONC', 'W041', 'EMER', 'GP001'),
    (42,'J45',42,5, '2014-09-07', '2014-09-11', 'NEU', 'W042', 'ELEC', 'GP012'),
    (43,'J45',43, 6,'2014-09-13', '2014-09-19', 'CAR', 'W043', 'EMER', 'GP001'),
    (44,'J45',44,7,'2014-09-19', '2014-09-26', 'GYN', 'W044', 'ELEC', 'GP012'),
    (45,'J45',45,5, '2014-09-25', '2014-09-30', 'ORTH', 'W045', 'EMER', 'GP001'),
    (46,'J45',46,6, '2014-10-01', '2014-10-07', 'DERM', 'W046', 'ELEC', 'GP012'),
    (47,'J45',47,5, '2014-10-07', '2014-10-13', 'ENT', 'W047', 'EMER', 'GP001'),
    (48,'J45',48,0, '2014-10-13', '2014-10-13', 'URO', 'W048', 'ELEC', 'GP012'),
    (49,'I25',49,0, '2014-10-19', '2014-10-19', 'ONC', 'W049', 'EMER', 'GP001'),
    (50,'I25',50,4, '2014-10-25', '2014-10-29', 'NEU', 'W050', 'ELEC', 'GP012'),
    (51,'I25',51,6,'2014-11-01', '2014-11-07', 'CAR', 'W001', 'EMER', 'GP001'),
    (52,'I25',52,12,'2014-11-07', '2014-11-19', 'GYN', 'W002', 'ELEC', 'GP012'),
    (53,'I25',53,17, '2014-11-13', '2014-11-30', 'ORTH', 'W003', 'EMER', 'GP001'),
    (54,'I25',54,11, '2014-11-19', '2014-11-30', 'DERM', 'W004', 'ELEC', 'GP012'),
    (55,'I25',55,3, '2014-11-25', '2014-11-28', 'ENT', 'W005', 'EMER', 'GP001'),
    (56,'I25',56,29, '2014-12-01', '2014-12-30', 'URO', 'W006', 'ELEC', 'GP012'),
    (57,'I25',57,8, '2014-12-07', '2014-12-15', 'ONC', 'W007', 'EMER', 'GP001'),
    (58,'M54',58,2, '2014-12-13', '2014-12-15', 'NEU', 'W008', 'ELEC', 'GP012'),
    (59,'I25',59,6, '2014-12-19', '2014-12-25', 'CAR', 'W009', 'EMER', 'GP001'),
    (60,'I25',60,6, '2014-12-25', '2014-12-31', 'GYN', 'W010', 'ELEC', 'GP012'),
    (61,'I25',61,1, '2015-01-01', '2015-01-02', 'ORTH', 'W011', 'EMER', 'GP001'),
    (62,'I25',62,4, '2015-01-07', '2015-01-11', 'DERM', 'W012', 'ELEC', 'GP012'),
    (63,'I25',63,4, '2015-01-13', '2015-01-17', 'ENT', 'W013', 'EMER', 'GP001'),
    (64,'E66',64,10, '2015-01-19', '2015-01-29', 'URO', 'W014', 'ELEC', 'GP012'),
    (65,'E66',65,5, '2015-01-25', '2015-01-30', 'ONC', 'W015', 'EMER', 'GP001'),
    (66,'E66',66,5, '2015-02-01', '2015-02-06', 'NEU', 'W016', 'ELEC', 'GP012'),
    (67,'E66',67,5, '2015-02-07', '2015-02-12', 'CAR', 'W017', 'EMER', 'GP001'),
    (68,'E66',68,5, '2015-02-13', '2015-02-18', 'GYN', 'W018', 'ELEC', 'GP012'),
    (69,'E66',69,5, '2015-02-19', '2015-02-24', 'ORTH', 'W019', 'EMER', 'GP001'),
    (70,'E66',70, 5,'2015-02-25', '2015-03-02', 'DERM', 'W020', 'ELEC', 'GP012'),
    (71,'E66',71,5, '2015-03-03', '2015-03-08', 'ENT', 'W021', 'EMER', 'GP001'),
    (72,'E66',72,5, '2015-03-09', '2015-03-14', 'URO', 'W022', 'ELEC', 'GP012'),
    (73,'E66',73,5, '2015-03-15', '2015-03-20', 'ONC', 'W023', 'EMER', 'GP001'),
    (74,'E66',74,5, '2015-03-21', '2015-03-26', 'NEU', 'W024', 'ELEC', 'GP012'),
    (75,'E66',75,5, '2015-03-27', '2015-04-01', 'CAR', 'W025', 'EMER', 'GP001'),
    (76,'E66',76,5, '2015-04-02', '2015-04-07', 'GYN', 'W026', 'ELEC', 'GP012'),
    (77,'E66',77,5, '2015-04-08', '2015-04-13', 'ORTH', 'W027', 'EMER', 'GP001'),
    (78,'E66',78,5, '2015-04-14', '2015-04-19', 'DERM', 'W028', 'ELEC', 'GP012'),
    (79,'E66',79,5, '2015-04-20', '2015-04-25', 'ENT', 'W029', 'EMER', 'GP001'),
    (80,'F41',80,5, '2015-04-26', '2015-05-01', 'URO', 'W030', 'ELEC', 'GP012'),
    (81,'J06',81,5, '2015-05-02', '2015-05-07', 'ONC', 'W031', 'EMER', 'GP001'),
    (82,'J06',82,5, '2015-05-08', '2015-05-13', 'NEU', 'W032', 'ELEC', 'GP012'),
    (83,'J06',83,5, '2015-05-14', '2015-05-19', 'CAR', 'W033', 'EMER', 'GP001'),
    (84,'J06',84,5, '2015-05-20', '2015-05-25', 'GYN', 'W034', 'ELEC', 'GP012'),
    (85,'J06',85,5, '2015-05-26', '2015-05-31', 'ORTH', 'W035', 'EMER', 'GP001'),
    (86,'J06',86,5, '2015-06-01', '2015-06-06', 'DERM', 'W036', 'ELEC', 'GP012'),
    (87,'J06',87,5, '2015-06-07', '2015-06-12', 'ENT', 'W037', 'EMER', 'GP001'),
    (88,'J06',88,5, '2015-06-13', '2015-06-18', 'URO', 'W038', 'ELEC', 'GP012'),
    (89,'I50',89,8, '2015-06-19', '2015-06-27', 'ONC', 'W039', 'EMER', 'GP001'),
    (90,'I50',90,3, '2015-06-25', '2015-06-28', 'NEU', 'W040', 'ELEC', 'GP012'),
    (91,'I50',91,6, '2015-07-01', '2015-07-07', 'CAR', 'W041', 'EMER', 'GP001'),
    (92,'I50',92,3, '2015-07-07', '2015-07-10', 'GYN', 'W042', 'ELEC', 'GP012'),
    (93,'I50',93,3, '2015-07-13', '2015-07-18', 'ORTH', 'W043', 'EMER', 'GP001'),
    (94,'I50',94,5, '2015-07-19', '2015-07-24', 'DERM', 'W044', 'ELEC', 'GP012'),
    (95,'I50',95,5, '2015-07-25', '2015-07-30', 'ENT', 'W045', 'EMER', 'GP001'),
    (96,'I50',99,5, '2015-08-01', '2015-08-06', 'URO', 'W046', 'ELEC', 'GP012'),
    (97,'I50',97,5, '2015-08-07', '2015-08-12', 'ONC', 'W047', 'EMER', 'GP001'),
    (98,'I50',98,5, '2015-08-13', '2015-08-18', 'NEU', 'W048', 'ELEC', 'GP012'),
    (99,'I50',99,5, '2015-08-19', '2015-08-24', 'CAR', 'W049', 'EMER', 'GP001'),
    (100,'N18',100,5, '2015-08-25', '2015-08-30', 'GYN', 'W050', 'ELEC', 'GP012'),
    (101,'N18',101,5, '2015-09-01', '2015-09-06', 'ORTH', 'W001', 'EMER', 'GP001'),
    (102,'N18',102,5, '2015-09-07', '2015-09-12', 'DERM', 'W002', 'ELEC', 'GP012'),
    (103,'N18',103,5, '2015-09-13', '2015-09-18', 'ENT', 'W003', 'EMER', 'GP001'),
    (104,'N18',104,5, '2015-09-19', '2015-09-24', 'URO', 'W004', 'ELEC', 'GP012'),
    (105,'N18',105,5,'2015-09-25', '2015-09-30', 'ONC', 'W005', 'EMER', 'GP001'),
    (106,'N18',106,5, '2015-10-01', '2015-10-06', 'NEU', 'W006', 'ELEC', 'GP012'),
    (107,'N18',107,5, '2015-10-07', '2015-10-12', 'CAR', 'W007', 'EMER', 'GP001'),
    (108,'N18',108,5, '2015-10-13', '2015-10-18', 'GYN', 'W008', 'MAT', 'GP010'),
    (109,'N18',109,5, '2015-10-19', '2015-10-24', 'ORTH', 'W009', 'EMER', 'GP001'),
    (110,'L20',110,5, '2015-10-25', '2015-10-30', 'DERM', 'W010', 'MAT', 'GP010'),
    (111,'L20',111,5, '2015-11-01', '2015-11-06', 'ENT', 'W011', 'EMER', 'GP001'),
    (112,'L20',112,5, '2015-11-07', '2015-11-12', 'URO', 'W012', 'MAT', 'GP010'),
    (113,'L20',113,5, '2015-11-13', '2015-11-18', 'ONC', 'W013', 'EMER', 'GP001'),
    (114,'L20',114,5, '2015-11-19', '2015-11-24', 'NEU', 'W014', 'MAT', 'GP010'),
    (115,'L20',115, 5,'2015-11-25', '2015-11-30', 'CAR', 'W015', 'GP', 'GP004'),
    (116,'L20',116,5, '2015-12-01', '2015-12-06', 'GYN', 'W016', 'MAT', 'GP010'),
    (117,'L20',117,5, '2015-12-07', '2015-12-12', 'ORTH', 'W017', 'GP', 'GP004'),
    (118,'L20',118,5, '2015-12-13', '2015-12-18', 'DERM', 'W018', 'MAT', 'GP010'),
    (119,'L20',119,5, '2015-12-19', '2015-12-24', 'ENT', 'W019', 'GP', 'GP004'),
    (120,'G45',120,5, '2015-12-25', '2015-12-30', 'URO', 'W020', 'ELEC', 'GP012'),
    (121,'G45',121,5, '2016-01-01', '2016-01-06', 'ONC', 'W021', 'GP', 'GP004'),
    (122,'G45',122,5, '2016-01-07', '2016-01-12', 'NEU', 'W022', 'ELEC', 'GP012'),
    (123,'G45',123,5, '2016-01-13', '2016-01-18', 'CAR', 'W023', 'GP', 'GP004'),
    (124,'G45',124,5, '2016-01-19', '2016-01-24', 'GYN', 'W024', 'ELEC', 'GP012'),
    (125,'G45',125, 5,'2016-01-25', '2016-01-30', 'ORTH', 'W025', 'GP', 'GP004'),
    (126,'G45',126, 5,'2016-02-01', '2016-02-06', 'DERM', 'W026', 'ELEC', 'GP012'),
    (127,'G45',127,5, '2016-02-07', '2016-02-12', 'ENT', 'W027', 'GP', 'GP004'),
    (128,'G45',128,5, '2016-02-13', '2016-02-18', 'URO', 'W028', 'ELEC', 'GP012'),
    (129,'G45',129,5, '2016-02-19', '2016-02-24', 'ONC', 'W029', 'GP', 'GP004'),
    (130,'G45',130,5, '2016-02-25', '2016-03-02', 'NEU', 'W030', 'ELEC', 'GP012'),
    (131,'G45',131,5 ,'2016-03-03', '2016-03-08', 'CAR', 'W031', 'GP', 'GP004'),
    (132,'G45',132,15, '2016-03-09', '2016-03-24', 'GYN', 'W032', 'ELEC', 'GP012'),
    (133,'G45',133,6, '2016-03-15', '2016-03-21', 'ORTH', 'W033', 'GP', 'GP004'),
    (134,'G45',134,5, '2016-03-21', '2016-03-26', 'DERM', 'W034', 'ELEC', 'GP012'),
    (135,'G45',135,4, '2016-03-27', '2016-04-01', 'ENT', 'W035', 'EMER', 'GP001'),
    (136,'G45',136,5, '2016-04-02', '2016-04-07', 'URO', 'W036', 'ELEC', 'GP012'),
    (137,'G45',137,5, '2016-04-08', '2016-04-13', 'ONC', 'W037', 'EMER', 'GP001'),
    (138,'G45',138,5, '2016-04-14', '2016-04-19', 'NEU', 'W038', 'ELEC', 'GP012'),
    (139,'G45',139,5, '2016-04-20', '2016-04-25', 'CAR', 'W039', 'EMER', 'GP001'),
    (140,'G45',140,5, '2016-04-26', '2016-05-01', 'GYN', 'W040', 'ELEC', 'GP012'),
    (141,'G45',141,5, '2016-05-02', '2016-05-07', 'ORTH', 'W041', 'EMER', 'GP001'),
    (142,'G45',142,5, '2016-05-08', '2016-05-13', 'DERM', 'W042', 'ELEC', 'GP012'),
    (143,'G45',143,5, '2016-05-14', '2016-05-19', 'ENT', 'W043', 'EMER', 'GP001'),
    (144,'G45',144,5, '2016-05-20', '2016-05-25', 'URO', 'W044', 'ELEC', 'GP012'),
    (145,'G45',145,5, '2016-05-26', '2016-05-31', 'ONC', 'W045', 'EMER', 'GP001'),
    (146,'G45',146,5, '2016-06-01', '2016-06-06', 'NEU', 'W046', 'ELEC', 'GP012'),
    (147,'G45',147,5, '2016-06-07', '2016-06-12', 'CAR', 'W047', 'EMER', 'GP001'),
    (148,'G45',148,5, '2016-06-13', '2016-06-18', 'GYN', 'W048', 'ELEC', 'GP012'),
    (149,'G45',149,5, '2016-06-19', '2016-06-24', 'ORTH', 'W049', 'EMER', 'GP001'),
    (150,'G45',150,5, '2016-06-25', '2016-06-30', 'DERM', 'W050', 'ELEC', 'GP012'),
    (151,'G45',151,5, '2016-07-01', '2016-07-06', 'ENT', 'W001', 'EMER', 'GP001'),
    (152,'G45',152,5, '2016-07-07', '2016-07-12', 'URO', 'W002', 'ELEC', 'GP012'),
    (153,'G45',153,5, '2016-07-13', '2016-07-18', 'ONC', 'W003', 'EMER', 'GP001'),
    (154,'G45',154,5, '2016-07-19', '2016-07-24', 'NEU', 'W004', 'ELEC', 'GP012'),
    (155,'G45',155,5, '2016-07-25', '2016-07-30', 'CAR', 'W005', 'EMER', 'GP001'),
    (156,'G45',156,5, '2016-08-01', '2016-08-06', 'GYN', 'W006', 'ELEC', 'GP012'),
    (157,'G45',157,5, '2016-08-07', '2016-08-12', 'ORTH', 'W007', 'EMER', 'GP001'),
    (158,'G45',158,5, '2016-08-13', '2016-08-18', 'DERM', 'W008', 'ELEC', 'GP012'),
    (159,'G45',159,5, '2016-08-19', '2016-08-24', 'ENT', 'W009', 'EMER', 'GP001'),
    (160,'G45',160,6, '2016-08-25', '2016-08-31', 'URO', 'W010', 'ELEC', 'GP012'),
    (161,'G45',161,5, '2016-09-01', '2016-09-06', 'ONC', 'W011', 'EMER', 'GP001'),
    (162,'G45',162, 5,'2016-09-07', '2016-09-12', 'NEU', 'W012', 'ELEC', 'GP012'),
    (163,'G45',163,5, '2016-09-13', '2016-09-18', 'CAR', 'W013', 'EMER', 'GP001'),
    (164,'G45',164,5, '2016-09-19', '2016-09-24', 'GYN', 'W014', 'ELEC', 'GP012'),
    (165,'G45',165,5, '2016-09-25', '2016-09-30', 'ORTH', 'W015', 'MAT', 'GP010'),
    (166,'G45',166, 5,'2016-10-01', '2016-10-06', 'DERM', 'W016', 'ELEC', 'GP012'),
    (167,'G45',167,5, '2016-10-07', '2016-10-12', 'ENT', 'W017', 'MAT', 'GP010'),
    (168,'G45',168,5, '2016-10-13', '2016-10-18', 'URO', 'W018', 'ELEC', 'GP012'),
    (169,'G45',169,5, '2016-10-19', '2016-10-24', 'ONC', 'W019', 'MAT', 'GP010'),
    (170,'G45',170,5, '2016-10-25', '2016-10-30', 'NEU', 'W020', 'ELEC', 'GP012'),
    (171,'G45',171,5, '2016-11-01', '2016-11-06', 'CAR', 'W021', 'MAT', 'GP010'),
    (172,'G45',172,5, '2016-11-07', '2016-11-12', 'GYN', 'W022', 'ELEC', 'GP012'),
    (173,'G45',173,5, '2016-11-13', '2016-11-18', 'ORTH', 'W023', 'MAT', 'GP010'),
    (174,'G45',174,5, '2016-11-19', '2016-11-24', 'DERM', 'W024', 'ELEC', 'GP012'),
    (175,'G45',175,5, '2016-11-25', '2016-11-30', 'ENT', 'W025', 'MAT', 'GP010'),
    (176,'G45',176,5, '2016-12-01', '2016-12-06', 'URO', 'W026', 'ELEC', 'GP012'),
    (177,'G45',177,5, '2016-12-07', '2016-12-12', 'ONC', 'W027', 'MAT', 'GP010'),
    (178,'G45',178,5, '2016-12-13', '2016-12-18', 'NEU', 'W028', 'ELEC', 'GP012'),
    (179,'G45',179,5, '2016-12-19', '2016-12-24', 'CAR', 'W029', 'EMER', 'GP001'),
    (180,'G45',180,5, '2016-12-25', '2016-12-30', 'GYN', 'W030', 'ELEC', 'GP012'),
    (181,'G45',181,5, '2015-01-01', '2015-01-06', 'ORTH', 'W031', 'EMER', 'GP001'),
    (182,'G45',182,5, '2015-01-07', '2015-01-12', 'DERM', 'W032', 'ELEC', 'GP012'),
    (183,'G45',183,5, '2015-01-13', '2015-01-18', 'ENT', 'W033', 'EMER', 'GP001'),
    (184,'G45',184,5, '2015-01-19', '2015-01-24', 'URO', 'W034', 'ELEC', 'GP012'),
    (185,'G45',185,6, '2015-01-25', '2015-01-31', 'ONC', 'W035', 'EMER', 'GP001'),
    (186,'G45',186,6, '2015-02-01', '2015-02-07', 'NEU', 'W036', 'ELEC', 'GP012'),
    (187,'G45',187,5, '2015-02-07', '2015-02-12', 'CAR', 'W037', 'EMER', 'GP001'),
    (188,'G45',188,6, '2016-02-13', '2016-02-19', 'GYN', 'W038', 'ELEC', 'GP012'),
    (189,'G45',189,7, '2016-02-19', '2016-02-26', 'ORTH', 'W039', 'EMER', 'GP001'),
    (190,'G45',190,5, '2016-02-25', '2016-03-02', 'DERM', 'W040', 'ELEC', 'GP012'),
    (191,'G45',191,5, '2016-03-03', '2016-03-08', 'ENT', 'W041', 'EMER', 'GP001'),
    (192,'G45',192,5, '2016-03-09', '2016-03-14', 'URO', 'W042', 'ELEC', 'GP012'),
    (193,'G45',193,5, '2016-03-15', '2016-03-20', 'ONC', 'W043', 'EMER', 'GP001'),
    (194,'G45',194,5, '2016-03-21', '2016-03-26', 'NEU', 'W044', 'ELEC', 'GP012'),
    (195,'G45',195,4, '2016-03-27', '2016-04-01', 'CAR', 'W045', 'EMER', 'GP001'),
    (196,'G45',196,5, '2016-04-02', '2016-04-07', 'GYN', 'W046', 'ELEC', 'GP012'),
    (197,'G45',197,5, '2016-04-08', '2016-04-13', 'ORTH', 'W047', 'EMER', 'GP001'),
    (198,'G45',198,5, '2016-04-14', '2016-04-19', 'DERM', 'W048', 'ELEC', 'GP012'),
    (199,'G45',199,5, '2016-04-20', '2016-04-25', 'ENT', 'W049', 'EMER', 'GP001'),
    (200,'R51',200,5, '2016-04-26', '2016-05-01', 'URO', 'W050', 'ELEC', 'GP012'),
	(201,'R51',1, 5, '2014-05-02', '2014-05-07', 'ONC', 'W001', 'EMER', 'GP001'),
    (202,'R51',3,5, '2014-05-08', '2014-05-13', 'NEU', 'W002', 'ELEC', 'GP012'),
    (203,'R51',8,6, '2014-05-14', '2014-05-20', 'CAR', 'W003', 'EMER', 'GP001'),
    (204,'R51',2,7, '2014-05-20', '2014-05-27', 'GYN', 'W004', 'ELEC', 'GP006'),
    (205,'R51',10,5, '2014-05-26', '2014-05-31', 'ORTH', 'W005', 'EMER', 'GP001'),
    (206,'G40',11,15, '2014-06-01', '2014-06-16', 'DERM', 'W006', 'ELEC', 'GP012'),
    (207,'G40',20,15, '2014-06-07', '2014-06-22', 'ENT', 'W007', 'EMER', 'GP001'),
    (208,'G40',28,15, '2014-06-13', '2014-06-28', 'URO', 'W008', 'ELEC', 'GP012'),
    (209,'G40',29,5, '2014-06-19', '2014-06-24', 'ONC', 'W009', 'EMER', 'GP015'),
    (210,'J30',21,5, '2014-06-25', '2014-06-30', 'NEU', 'W010', 'ELEC', 'GP012'),
    (211,'J30',45,5, '2014-07-01', '2014-07-06', 'CAR', 'W011', 'EMER', 'GP001'),
    (212,'J30',32,5, '2014-07-07', '2014-07-12', 'GYN', 'W012', 'ELEC', 'GP012'),
    (213,'R10',88,5, '2014-07-13', '2014-07-18', 'ORTH', 'W013', 'EMER', 'GP001'),
    (214 ,'J30',123,5, '2014-07-19', '2014-07-24', 'DERM', 'W014', 'ELEC', 'GP012'),
    (215,'E55',2,5, '2014-07-25', '2014-07-30', 'ENT', 'W015', 'EMER', 'GP006'),
    (216,'E55',13,5, '2014-08-01', '2014-08-06', 'URO', 'W016', 'ELEC', 'GP009'),
    (217,'E55',166,5, '2014-08-07', '2014-08-12', 'ONC', 'W017', 'EMER', 'GP001'),
    (218,'R51',13,5, '2014-08-13', '2014-08-18', 'NEU', 'W018', 'ELEC', 'GP009'),
    (219,'E55',13,5, '2015-08-19', '2015-08-24', 'CAR', 'W019', 'EMER', 'GP009'),
    (220,'R51',13,5, '2015-08-25', '2015-08-30', 'GYN', 'W020', 'ELEC', 'GP009'),
    (221,'R51',4,5, '2015-09-01', '2015-09-06', 'ORTH', 'W021', 'EMER', 'GP001'),
    (222,'R51',5,5, '2015-09-07', '2015-09-12', 'DERM', 'W022', 'ELEC', 'GP008'),
    (223,'J18',1,5, '2015-09-13', '2015-09-18', 'ENT', 'W023', 'EMER', 'GP001'),
    (224,'J18',5,5, '2015-09-19', '2015-09-24', 'URO', 'W024', 'ELEC', 'GP008'),
    (225,'J18',4,5, '2015-09-25', '2015-09-30', 'ONC', 'W025', 'EMER', 'GP001'),
    (226,'J18',3,5, '2015-10-01', '2015-10-06', 'NEU', 'W026', 'ELEC', 'GP012'),
    (227,'I63',6,5, '2015-10-07', '2015-10-12', 'CAR', 'W027', 'EMER', 'GP001'),
    (228,'I63',7,5, '2015-10-13', '2015-10-18', 'GYN', 'W028', 'ELEC', 'GP012'),
    (229,'I63',8,5, '2015-10-19', '2015-10-24', 'ORTH', 'W029', 'EMER', 'GP001'),
    (230,'G43',2,5, '2015-10-25', '2015-10-30', 'DERM', 'W030', 'ELEC', 'GP006'),
    (231,'G43',9,5, '2015-11-01', '2015-11-06', 'ENT', 'W031', 'EMER', 'GP001'),
    (232,'G43',10,5, '2015-11-07', '2015-11-12', 'URO', 'W032', 'ELEC', 'GP012'),
    (233,'G43',111,5, '2015-11-13', '2015-11-18', 'ONC', 'W033', 'EMER', 'GP001'),
    (234,'M17',127, 5,'2014-11-19', '2014-11-24', 'NEU', 'W034', 'ELEC', 'GP012'),
    (235,'M17',2,5, '2014-11-25', '2014-11-30', 'CAR', 'W035', 'EMER', 'GP006'),
    (236,'M17',48,5, '2014-12-01', '2014-12-06', 'GYN', 'W036', 'ELEC', 'GP012'),
    (237,'F33',54,5, '2014-12-07', '2014-12-12', 'ORTH', 'W037', 'GP', 'GP004'),
    (238,'B34',1,5, '2014-12-13', '2014-12-18', 'DERM', 'W038', 'ELEC', 'GP012'),
    (239,'B34',3,5, '2014-12-19', '2014-12-24', 'ENT', 'W039', 'GP', 'GP004'),
    (240,'B34',2,5, '2014-12-25', '2014-12-30', 'URO', 'W040', 'ELEC', 'GP006');
-------------------------Admission End Here---------------------------------------------








--------------------    UPDATE SOME ROWS    -------------------------

	UPDATE Admission SET 
    AdmissionDate = '2014-11-28', 
    DischargeDate = '2014-12-06', 
    SpecialtyCode = 'ENT', 
    MethodOfAdmissionCode = 'ELEC'
    WHERE AdmissionID = 30;

UPDATE Admission SET 
    AdmissionDate = '2014-12-11', 
    DischargeDate = '2014-12-27', 
    SpecialtyCode = 'ENT', 
    MethodOfAdmissionCode = 'EMER'
    WHERE AdmissionID = 32;

UPDATE Admission SET 
    AdmissionDate = '2015-06-16', 
    DischargeDate = '2015-06-21', 
    SpecialtyCode = 'INF', 
    MethodOfAdmissionCode = 'ELEC'
    WHERE AdmissionID = 87;

UPDATE Admission SET 
    AdmissionDate = '2015-06-25', 
    DischargeDate = '2015-07-01', 
    SpecialtyCode = 'INF', 
    MethodOfAdmissionCode = 'EMER'
    WHERE AdmissionID = 94;
    
UPDATE Admission SET 
    AdmissionDate = '2015-10-10', 
    DischargeDate = '2015-10-11', 
    SpecialtyCode = 'CAR', 
    MethodOfAdmissionCode = 'ELEC'
    WHERE AdmissionID = 121;
    
UPDATE Admission SET 
    AdmissionDate = '2015-10-17', 
    DischargeDate = '2015-10-20', 
    SpecialtyCode = 'CAR', 
    MethodOfAdmissionCode = 'EMER'
    WHERE AdmissionID = 211;

UPDATE tblAdmission SET 
    SpecialtyCode = 'DERM', 
    MethodOfAdmissionCode = 'ELEC'
    WHERE AdmissionID = 28;
    
UPDATE Admission SET 
    SpecialtyCode = 'DERM', 
    MethodOfAdmissionCode = 'EMER'
    WHERE AdmissionID = 93;

UPDATE Admission SET 
    AdmissionDate = '2015-07-26', 
    DischargeDate = '2015-07-30', 
    SpecialtyCode = 'ORTH', 
    MethodOfAdmissionCode = 'ELEC'
    WHERE AdmissionID = 33;
    
UPDATE Admission SET 
    AdmissionDate = '2015-08-04', 
    DischargeDate = '2015-08-11', 
    SpecialtyCode = 'ORTH', 
    MethodOfAdmissionCode = 'EMER'
    WHERE AdmissionID = 181;
    
UPDATE Admission SET 
    AdmissionDate = '2015-10-17', 
    DischargeDate = '2015-10-20', 
    SpecialtyCode = 'URO', 
    MethodOfAdmissionCode = 'EMER'
    WHERE AdmissionID = 213;

UPDATE Admission SET 
    SpecialtyCode = 'RAD', 
    MethodOfAdmissionCode = 'ELEC'
    WHERE AdmissionID = 154;
    
UPDATE Admission SET 
    AdmissionDate = '2014-06-25', 
    SpecialtyCode = 'RAD' 
    WHERE AdmissionID = 184;

	ist episode
	UPDATE Admission
	SET admissionDate='2014-01-06',
	DischargeDate='2014-01-17'
	WHERE PatientID=6
	AND AdmissionID=6
	AND MethodOfAdmissionCode='ELEC'
	AND SpecialtyCode='DERM'

	2nd episode
	UPDATE Admission
	SET AdmissionDate='2014-01-24'
	WHERE PatientID=6
	AND AdmissionID=107
	AND MethodOfAdmissionCode='EMER'
	AND SpecialtyCode='DERM'
	
	ist episode
	UPDATE Admission
	SET admissionDate='2014-09-26',
	DischargeDate='2014-10-03'
	WHERE PatientID=23
	AND AdmissionID=23
	AND MethodOfAdmissionCode='ELEC'
	AND SpecialtyCode='CAR'

	2nd episode
	UPDATE Admission
	SET AdmissionDate='2014-10-10'
	WHERE PatientID=23
	AND AdmissionID=56
	AND MethodOfAdmissionCode='EMER'
	AND SpecialtyCode='CAR'


	ist episode
	UPDATE Admission
	SET AdmissionDate='2015-07-21',
	   DischargeDate='2015-08-24'
	WHERE PatientID=65
	AND AdmissionID=65
	AND MethodOfAdmissionCode='ELEC'
	AND SpecialtyCode='ENT'

	2nd episode
	UPDATE Admission
	SET AdmissionDate='2015-08-31'
	WHERE PatientID=65
	AND AdmissionID=101
	AND MethodOfAdmissionCode='EMER'
	AND SpecialtyCode='ENT'
	--------------------Updates ends here-------------------------------------